commentId,level,mentionMapping,parent,permalink,text,threadId,timestamp,type,isVoteMasked,mediaText,user,likeCount,dislikeCount,isPinned,childrenTotal,childrenUrl,opStatus,isCollapsed,isDeleted,isSensitive,isOffensive,media,attachments,Neutrality_Score,Positivity_Score,Negativity_Score,sentiment
c_162815218812093218,2,{'@seigheilsky': '59163735'},c_162815145002082112,http://9gag.com/gag/a5EAv9O#cs_comment_id=c_162815218812093218,"@seigheilsky I know, the jokes just basically write themselves, he truly is one hell of an entertainer",Y2lkPWNfMTYyODE1MTQ1MDAyMDgyMTEyJmFpZD01OTE2MzczNQ,2021-08-05 08:49:01,text,0,"@seigheilsky I know, the jokes just basically write themselves, he truly is one hell of an entertainer","{'userId': 'u_13793290133659', 'avatarUrl': 'https://accounts-cdn.9gag.com/media/avatar/1989958_100_1.jpg', 'displayName': 'apollo_toaster', 'emojiStatus': 'üá™üá∫', 'country': 'nl', 'profileUrl': 'https://9gag.com/u/apollo_toaster', 'profileUrls': {'a_dd8f2b7d304a10edaf6f29517ea0ca4100a43d1b': 'https://9gag.com/u/apollo_toaster'}, 'timestamp': '1379329013', 'permissions': {'9GAG_Pro': 1, '9GAG_Pro_Plus': 1}, 'isActivePro': True, 'isActiveProPlus': True, 'isVerifiedAccount': False, 'accountId': '1989958', 'activeTs': 1675203926, 'preferences': {'hideProBadge': 0, 'hideActiveTs': 0, 'accentColor': '', 'backgroundColor': ''}}",2,0,0,0,,0,0,0,0,0,,,0.498,0.311,0.191,Neutral
c_162816289614522591,2,{'@seigheilsky': '59163735'},c_162815145002082112,http://9gag.com/gag/a5EAv9O#cs_comment_id=c_162816289614522591,"@seigheilsky question here is, will you be getting a trump card?",Y2lkPWNfMTYyODE1MTQ1MDAyMDgyMTEyJmFpZD01OTE2MzczNQ,2021-08-05 08:17:30,text,0,"@seigheilsky question here is, will you be getting a trump card?","{'userId': 'u_159421379957275871', 'avatarUrl': 'https://accounts-cdn.9gag.com/media/avatar/57081281_100_2.jpg', 'displayName': 'fjdjdbdkdbfg2', 'emojiStatus': '', 'country': 'pt', 'profileUrl': 'https://9gag.com/u/fjdjdbdkdbfg2', 'profileUrls': {'a_dd8f2b7d304a10edaf6f29517ea0ca4100a43d1b': 'https://9gag.com/u/fjdjdbdkdbfg2'}, 'timestamp': '1594213799', 'permissions': {}, 'isActivePro': False, 'isActiveProPlus': False, 'isVerifiedAccount': False, 'accountId': '57081281', 'activeTs': 1650310294, 'preferences': {'hideProBadge': 0, 'hideActiveTs': 0, 'accentColor': '', 'backgroundColor': ''}}",1,0,0,0,,0,0,0,0,0,,,1.0,0.0,0.0,Neutral
c_162816833794347299,2,{'@seigheilsky': '59163735'},c_162815145002082112,http://9gag.com/gag/a5EAv9O#cs_comment_id=c_162816833794347299,"@seigheilsky what is the comparison you're making there I wonder?! Lol

But for the sake of argument I'll say one is free and the other most certainly will not be free.. The gift must go on though lmao",Y2lkPWNfMTYyODE1MTQ1MDAyMDgyMTEyJmFpZD01OTE2MzczNQ,2021-08-05 09:21:37,text,0,"@seigheilsky what is the comparison you're making there I wonder?! Lol

But for the sake of argument I'll say one is free and the other most certainly will not be free.. The gift must go on though lmao","{'userId': 'u_159421379957275871', 'avatarUrl': 'https://accounts-cdn.9gag.com/media/avatar/57081281_100_2.jpg', 'displayName': 'fjdjdbdkdbfg2', 'emojiStatus': '', 'country': 'pt', 'profileUrl': 'https://9gag.com/u/fjdjdbdkdbfg2', 'profileUrls': {'a_dd8f2b7d304a10edaf6f29517ea0ca4100a43d1b': 'https://9gag.com/u/fjdjdbdkdbfg2'}, 'timestamp': '1594213799', 'permissions': {}, 'isActivePro': False, 'isActiveProPlus': False, 'isVerifiedAccount': False, 'accountId': '57081281', 'activeTs': 1650310294, 'preferences': {'hideProBadge': 0, 'hideActiveTs': 0, 'accentColor': '', 'backgroundColor': ''}}",0,0,0,0,,0,0,0,0,0,,,0.578,0.361,0.061,Neutral
c_162834347444701070,2,{'@l3l4napa': '50428491'},c_162815529719604108,http://9gag.com/gag/a5EAv9O#cs_comment_id=c_162834347444701070,@l3l4napa - *Kamala,Y2lkPWNfMTYyODE1NTI5NzE5NjA0MTA4JmFpZD01MDQyODQ5MQ,2021-08-05 08:10:18,text,0,@l3l4napa - *Kamala,"{'userId': 'u_145131010834641634', 'avatarUrl': 'https://accounts-cdn.9gag.com/media/avatar/32086327_100_1.jpg', 'displayName': 'richardcrx', 'emojiStatus': '', 'country': 'us', 'profileUrl': 'https://9gag.com/u/richardcrx', 'profileUrls': {'a_dd8f2b7d304a10edaf6f29517ea0ca4100a43d1b': 'https://9gag.com/u/richardcrx'}, 'timestamp': '1451310108', 'permissions': {}, 'isActivePro': False, 'isActiveProPlus': False, 'isVerifiedAccount': False, 'accountId': '32086327', 'activeTs': 1678300717, 'preferences': {'hideProBadge': 0, 'hideActiveTs': 0, 'accentColor': '', 'backgroundColor': ''}}",0,0,0,0,,0,0,0,0,0,,,1.0,0.0,0.0,Neutral
c_162815069601778924,2,{'@thatbaldybloke': '43521114'},c_162815056618769111,http://9gag.com/gag/a5EAv9O#cs_comment_id=c_162815069601778924,@thatbaldybloke always has been,Y2lkPWNfMTYyODE1MDU2NjE4NzY5MTExJmFpZD00MzUyMTExNA,2021-08-05 08:02:46,text,0,@thatbaldybloke always has been,"{'userId': 'u_161751364899981873', 'avatarUrl': 'https://accounts-cdn.9gag.com/media/avatar/60106464_100_1.jpg', 'displayName': '395xp', 'emojiStatus': '', 'country': 'us', 'profileUrl': 'https://9gag.com/u/395xp', 'profileUrls': {'a_dd8f2b7d304a10edaf6f29517ea0ca4100a43d1b': 'https://9gag.com/u/395xp'}, 'timestamp': '1617513648', 'permissions': {}, 'isActivePro': False, 'isActiveProPlus': False, 'isVerifiedAccount': False, 'accountId': '60106464', 'activeTs': 1646178214, 'preferences': {'hideProBadge': 0, 'hideActiveTs': 0, 'accentColor': '', 'backgroundColor': ''}}",10,2,0,0,,0,0,0,0,0,,,1.0,0.0,0.0,Neutral
c_162815369474978327,2,{'@thatbaldybloke': '43521114'},c_162815056618769111,http://9gag.com/gag/a5EAv9O#cs_comment_id=c_162815369474978327,@thatbaldybloke *business,Y2lkPWNfMTYyODE1MDU2NjE4NzY5MTExJmFpZD00MzUyMTExNA,2021-08-05 08:17:32,text,0,@thatbaldybloke *business,"{'userId': 'u_143068785056031143', 'avatarUrl': 'https://accounts-cdn.9gag.com/media/avatar/26444197_100_2.jpg', 'displayName': 'chrisaioliad', 'emojiStatus': '', 'country': 'us', 'profileUrl': 'https://9gag.com/u/chrisaioliad', 'profileUrls': {'a_dd8f2b7d304a10edaf6f29517ea0ca4100a43d1b': 'https://9gag.com/u/chrisaioliad'}, 'timestamp': '1430687850', 'permissions': {}, 'isActivePro': False, 'isActiveProPlus': False, 'isVerifiedAccount': False, 'accountId': '26444197', 'activeTs': 1678349135, 'preferences': {'hideProBadge': 0, 'hideActiveTs': 0, 'accentColor': '', 'backgroundColor': ''}}",1,0,0,0,,0,0,0,0,0,,,1.0,0.0,0.0,Neutral
c_162816505883816607,2,{'@thatbaldybloke': '43521114'},c_162815056618769111,http://9gag.com/gag/a5EAv9O#cs_comment_id=c_162816505883816607,@thatbaldybloke basically?,Y2lkPWNfMTYyODE1MDU2NjE4NzY5MTExJmFpZD00MzUyMTExNA,2021-08-05 16:49:32,text,0,@thatbaldybloke basically?,"{'userId': 'u_13797024173430', 'avatarUrl': 'https://accounts-cdn.9gag.com/media/default-avatar/1_0_100_v0.jpg', 'displayName': 'ryesig2', 'emojiStatus': '', 'country': 'us', 'profileUrl': 'https://9gag.com/u/ryesig2', 'profileUrls': {'a_dd8f2b7d304a10edaf6f29517ea0ca4100a43d1b': 'https://9gag.com/u/ryesig2'}, 'timestamp': '1379702417', 'permissions': {}, 'isActivePro': False, 'isActiveProPlus': False, 'isVerifiedAccount': False, 'accountId': '10706344', 'activeTs': 1670809887, 'preferences': {'hideProBadge': 0, 'hideActiveTs': 0, 'accentColor': '', 'backgroundColor': ''}}",1,0,0,0,,0,0,0,0,0,,,1.0,0.0,0.0,Neutral
c_162818414115243458,2,{'@thatbaldybloke': '43521114'},c_162815056618769111,http://9gag.com/gag/a5EAv9O#cs_comment_id=c_162818414115243458,"@thatbaldybloke atleast it doesn‚Äôt depend on censorship, intimidation, and the stifling of higher education like the left.",Y2lkPWNfMTYyODE1MDU2NjE4NzY5MTExJmFpZD00MzUyMTExNA,2021-08-05 08:03:47,text,0,"@thatbaldybloke atleast it doesn‚Äôt depend on censorship, intimidation, and the stifling of higher education like the left.","{'userId': 'u_13935733901733', 'avatarUrl': 'https://accounts-cdn.9gag.com/avatar/default_53_100_v0.jpg', 'displayName': 'toasty95', 'emojiStatus': '', 'country': 'us', 'profileUrl': 'https://9gag.com/u/toasty95', 'profileUrls': {'a_dd8f2b7d304a10edaf6f29517ea0ca4100a43d1b': 'https://9gag.com/u/toasty95'}, 'timestamp': '1393573390', 'permissions': {}, 'isActivePro': False, 'isActiveProPlus': False, 'isVerifiedAccount': False, 'accountId': '16460631', 'activeTs': 1653784239, 'preferences': {'hideProBadge': 0, 'hideActiveTs': 0, 'accentColor': '', 'backgroundColor': ''}}",3,1,0,0,,0,0,0,0,0,,,0.739,0.123,0.138,Neutral
c_162818650108793629,2,{'@toasty95': '16460631'},c_162815056618769111,http://9gag.com/gag/a5EAv9O#cs_comment_id=c_162818650108793629,@toasty95 K.,Y2lkPWNfMTYyODE1MDU2NjE4NzY5MTExJmFpZD00MzUyMTExNA,2021-08-05 08:03:19,text,0,@toasty95 K.,"{'userId': 'u_148794677252076300', 'avatarUrl': 'https://accounts-cdn.9gag.com/media/avatar/43521114_100_1.jpg', 'displayName': 'thatbaldybloke', 'emojiStatus': '', 'country': 'lt', 'profileUrl': 'https://9gag.com/u/thatbaldybloke', 'profileUrls': {'a_dd8f2b7d304a10edaf6f29517ea0ca4100a43d1b': 'https://9gag.com/u/thatbaldybloke'}, 'timestamp': '1487946772', 'permissions': {'9GAG_Pro': 1, '9GAG_Pro_Plus': 1}, 'isActivePro': True, 'isActiveProPlus': True, 'isVerifiedAccount': False, 'accountId': '43521114', 'activeTs': 1675557662, 'preferences': {'hideProBadge': 0, 'hideActiveTs': 0, 'accentColor': '', 'backgroundColor': ''}}",2,0,0,0,,0,0,0,0,0,,,1.0,0.0,0.0,Neutral
c_162818868581688870,2,{'@toasty95': '16460631'},c_162815056618769111,http://9gag.com/gag/a5EAv9O#cs_comment_id=c_162818868581688870,@toasty95 you are an idiot,Y2lkPWNfMTYyODE1MDU2NjE4NzY5MTExJmFpZD00MzUyMTExNA,2021-08-07 03:55:21,text,0,@toasty95 you are an idiot,"{'userId': 'u_161751364899981873', 'avatarUrl': 'https://accounts-cdn.9gag.com/media/avatar/60106464_100_1.jpg', 'displayName': '395xp', 'emojiStatus': '', 'country': 'us', 'profileUrl': 'https://9gag.com/u/395xp', 'profileUrls': {'a_dd8f2b7d304a10edaf6f29517ea0ca4100a43d1b': 'https://9gag.com/u/395xp'}, 'timestamp': '1617513648', 'permissions': {}, 'isActivePro': False, 'isActiveProPlus': False, 'isVerifiedAccount': False, 'accountId': '60106464', 'activeTs': 1646178214, 'preferences': {'hideProBadge': 0, 'hideActiveTs': 0, 'accentColor': '', 'backgroundColor': ''}}",4,2,0,0,,0,0,0,0,0,,,0.548,0.0,0.452,Neutral
c_162819061290254678,2,{'@395xp': '60106464'},c_162815056618769111,http://9gag.com/gag/a5EAv9O#cs_comment_id=c_162819061290254678,@395xp well then educate me,Y2lkPWNfMTYyODE1MDU2NjE4NzY5MTExJmFpZD00MzUyMTExNA,2021-08-05 23:04:08,text,0,@395xp well then educate me,"{'userId': 'u_13935733901733', 'avatarUrl': 'https://accounts-cdn.9gag.com/avatar/default_53_100_v0.jpg', 'displayName': 'toasty95', 'emojiStatus': '', 'country': 'us', 'profileUrl': 'https://9gag.com/u/toasty95', 'profileUrls': {'a_dd8f2b7d304a10edaf6f29517ea0ca4100a43d1b': 'https://9gag.com/u/toasty95'}, 'timestamp': '1393573390', 'permissions': {}, 'isActivePro': False, 'isActiveProPlus': False, 'isVerifiedAccount': False, 'accountId': '16460631', 'activeTs': 1653784239, 'preferences': {'hideProBadge': 0, 'hideActiveTs': 0, 'accentColor': '', 'backgroundColor': ''}}",0,0,0,0,,0,0,0,0,0,,,0.656,0.344,0.0,Neutral
c_162819077923166234,2,{'@toasty95': '16460631'},c_162815056618769111,http://9gag.com/gag/a5EAv9O#cs_comment_id=c_162819077923166234,@toasty95 at least your smooth brain acknowledged that it was a cult,Y2lkPWNfMTYyODE1MDU2NjE4NzY5MTExJmFpZD00MzUyMTExNA,2021-08-05 08:03:08,text,0,@toasty95 at least your smooth brain acknowledged that it was a cult,"{'userId': 'u_13797024173430', 'avatarUrl': 'https://accounts-cdn.9gag.com/media/default-avatar/1_0_100_v0.jpg', 'displayName': 'ryesig2', 'emojiStatus': '', 'country': 'us', 'profileUrl': 'https://9gag.com/u/ryesig2', 'profileUrls': {'a_dd8f2b7d304a10edaf6f29517ea0ca4100a43d1b': 'https://9gag.com/u/ryesig2'}, 'timestamp': '1379702417', 'permissions': {}, 'isActivePro': False, 'isActiveProPlus': False, 'isVerifiedAccount': False, 'accountId': '10706344', 'activeTs': 1670809887, 'preferences': {'hideProBadge': 0, 'hideActiveTs': 0, 'accentColor': '', 'backgroundColor': ''}}",2,1,0,0,,0,0,0,0,0,,,1.0,0.0,0.0,Neutral
c_162819093789524425,2,{'@395xp': '60106464'},c_162815056618769111,http://9gag.com/gag/a5EAv9O#cs_comment_id=c_162819093789524425,@395xp or justify why it‚Äôs acceptable for democratic officials to have people censored on social media. Why conservative speakers are shouted down by leftist activist meanwhile BLM is allowed to speak at trump rallies. And why the left insist that things like genetic links to intelligence cannot be researched.,Y2lkPWNfMTYyODE1MDU2NjE4NzY5MTExJmFpZD00MzUyMTExNA,2021-08-05 09:20:56,text,0,@395xp or justify why it‚Äôs acceptable for democratic officials to have people censored on social media. Why conservative speakers are shouted down by leftist activist meanwhile BLM is allowed to speak at trump rallies. And why the left insist that things like genetic links to intelligence cannot be researched.,"{'userId': 'u_13935733901733', 'avatarUrl': 'https://accounts-cdn.9gag.com/avatar/default_53_100_v0.jpg', 'displayName': 'toasty95', 'emojiStatus': '', 'country': 'us', 'profileUrl': 'https://9gag.com/u/toasty95', 'profileUrls': {'a_dd8f2b7d304a10edaf6f29517ea0ca4100a43d1b': 'https://9gag.com/u/toasty95'}, 'timestamp': '1393573390', 'permissions': {}, 'isActivePro': False, 'isActiveProPlus': False, 'isVerifiedAccount': False, 'accountId': '16460631', 'activeTs': 1653784239, 'preferences': {'hideProBadge': 0, 'hideActiveTs': 0, 'accentColor': '', 'backgroundColor': ''}}",0,0,0,0,,0,0,0,0,0,,,0.826,0.145,0.029,Neutral
c_162819176093242392,2,{'@ryesig2': '10706344'},c_162815056618769111,http://9gag.com/gag/a5EAv9O#cs_comment_id=c_162819176093242392,@ryesig2 it‚Äôs true I didn‚Äôt explicitly object. I don‚Äôt see you objecting to my statement so are you acknowledging that what I said was true? Also if you rely on insulting people instead of demonstrating any understanding of a subject you are likely in no place to say someone else has a ‚Äúsmooth brain‚Äù,Y2lkPWNfMTYyODE1MDU2NjE4NzY5MTExJmFpZD00MzUyMTExNA,2021-08-05 08:17:28,text,0,@ryesig2 it‚Äôs true I didn‚Äôt explicitly object. I don‚Äôt see you objecting to my statement so are you acknowledging that what I said was true? Also if you rely on insulting people instead of demonstrating any understanding of a subject you are likely in no place to say someone else has a ‚Äúsmooth brain‚Äù,"{'userId': 'u_13935733901733', 'avatarUrl': 'https://accounts-cdn.9gag.com/avatar/default_53_100_v0.jpg', 'displayName': 'toasty95', 'emojiStatus': '', 'country': 'us', 'profileUrl': 'https://9gag.com/u/toasty95', 'profileUrls': {'a_dd8f2b7d304a10edaf6f29517ea0ca4100a43d1b': 'https://9gag.com/u/toasty95'}, 'timestamp': '1393573390', 'permissions': {}, 'isActivePro': False, 'isActiveProPlus': False, 'isVerifiedAccount': False, 'accountId': '16460631', 'activeTs': 1653784239, 'preferences': {'hideProBadge': 0, 'hideActiveTs': 0, 'accentColor': '', 'backgroundColor': ''}}",0,0,0,0,,0,0,0,0,0,,,0.804,0.1,0.096,Neutral
c_162819383766082625,2,{'@toasty95': '16460631'},c_162815056618769111,http://9gag.com/gag/a5EAv9O#cs_comment_id=c_162819383766082625,@toasty95 there's the whole whataboutism.,Y2lkPWNfMTYyODE1MDU2NjE4NzY5MTExJmFpZD00MzUyMTExNA,2021-08-05 22:25:48,text,0,@toasty95 there's the whole whataboutism.,"{'userId': 'u_161751364899981873', 'avatarUrl': 'https://accounts-cdn.9gag.com/media/avatar/60106464_100_1.jpg', 'displayName': '395xp', 'emojiStatus': '', 'country': 'us', 'profileUrl': 'https://9gag.com/u/395xp', 'profileUrls': {'a_dd8f2b7d304a10edaf6f29517ea0ca4100a43d1b': 'https://9gag.com/u/395xp'}, 'timestamp': '1617513648', 'permissions': {}, 'isActivePro': False, 'isActiveProPlus': False, 'isVerifiedAccount': False, 'accountId': '60106464', 'activeTs': 1646178214, 'preferences': {'hideProBadge': 0, 'hideActiveTs': 0, 'accentColor': '', 'backgroundColor': ''}}",0,0,0,0,,0,0,0,0,0,,,1.0,0.0,0.0,Neutral
c_162819389006562932,2,{'@toasty95': '16460631'},c_162815056618769111,http://9gag.com/gag/a5EAv9O#cs_comment_id=c_162819389006562932,@toasty95 I'm sure you've got all your education that you've ever needed off from Facebook,Y2lkPWNfMTYyODE1MDU2NjE4NzY5MTExJmFpZD00MzUyMTExNA,2021-08-05 08:17:34,text,0,@toasty95 I'm sure you've got all your education that you've ever needed off from Facebook,"{'userId': 'u_161751364899981873', 'avatarUrl': 'https://accounts-cdn.9gag.com/media/avatar/60106464_100_1.jpg', 'displayName': '395xp', 'emojiStatus': '', 'country': 'us', 'profileUrl': 'https://9gag.com/u/395xp', 'profileUrls': {'a_dd8f2b7d304a10edaf6f29517ea0ca4100a43d1b': 'https://9gag.com/u/395xp'}, 'timestamp': '1617513648', 'permissions': {}, 'isActivePro': False, 'isActiveProPlus': False, 'isVerifiedAccount': False, 'accountId': '60106464', 'activeTs': 1646178214, 'preferences': {'hideProBadge': 0, 'hideActiveTs': 0, 'accentColor': '', 'backgroundColor': ''}}",0,0,0,0,,0,0,0,0,0,,,0.859,0.141,0.0,Neutral
c_162819434582255909,2,{'@395xp': '60106464'},c_162815056618769111,http://9gag.com/gag/a5EAv9O#cs_comment_id=c_162819434582255909,@395xp that‚Äôs not a whataboutism. You responded to my statement with an insult. I gave you specific examples of what I said. I did not deflect or make a counter accusation. Baldybloke could say that but you cannot. So why don‚Äôt you respond to the statement instead of deflecting or leveling a counter accusation as you have already done both and that‚Äôs literally the definition of whataboutism.,Y2lkPWNfMTYyODE1MDU2NjE4NzY5MTExJmFpZD00MzUyMTExNA,2021-08-05 08:08:57,text,0,@395xp that‚Äôs not a whataboutism. You responded to my statement with an insult. I gave you specific examples of what I said. I did not deflect or make a counter accusation. Baldybloke could say that but you cannot. So why don‚Äôt you respond to the statement instead of deflecting or leveling a counter accusation as you have already done both and that‚Äôs literally the definition of whataboutism.,"{'userId': 'u_13935733901733', 'avatarUrl': 'https://accounts-cdn.9gag.com/avatar/default_53_100_v0.jpg', 'displayName': 'toasty95', 'emojiStatus': '', 'country': 'us', 'profileUrl': 'https://9gag.com/u/toasty95', 'profileUrls': {'a_dd8f2b7d304a10edaf6f29517ea0ca4100a43d1b': 'https://9gag.com/u/toasty95'}, 'timestamp': '1393573390', 'permissions': {}, 'isActivePro': False, 'isActiveProPlus': False, 'isVerifiedAccount': False, 'accountId': '16460631', 'activeTs': 1653784239, 'preferences': {'hideProBadge': 0, 'hideActiveTs': 0, 'accentColor': '', 'backgroundColor': ''}}",0,0,0,0,,0,0,0,0,0,,,0.904,0.0,0.096,Neutral
c_162819447290622771,2,{'@toasty95': '16460631'},c_162815056618769111,http://9gag.com/gag/a5EAv9O#cs_comment_id=c_162819447290622771,@toasty95 here is a visual representation of your argument:,Y2lkPWNfMTYyODE1MDU2NjE4NzY5MTExJmFpZD00MzUyMTExNA,2021-08-06 18:15:00,userMedia,0,@toasty95 here is a visual representation of your argument:,"{'userId': 'u_161751364899981873', 'avatarUrl': 'https://accounts-cdn.9gag.com/media/avatar/60106464_100_1.jpg', 'displayName': '395xp', 'emojiStatus': '', 'country': 'us', 'profileUrl': 'https://9gag.com/u/395xp', 'profileUrls': {'a_dd8f2b7d304a10edaf6f29517ea0ca4100a43d1b': 'https://9gag.com/u/395xp'}, 'timestamp': '1617513648', 'permissions': {}, 'isActivePro': False, 'isActiveProPlus': False, 'isVerifiedAccount': False, 'accountId': '60106464', 'activeTs': 1646178214, 'preferences': {'hideProBadge': 0, 'hideActiveTs': 0, 'accentColor': '', 'backgroundColor': ''}}",0,0,0,0,,0,0,0,0,0,"[{'imageMetaByType': {'type': 'STATIC', 'image': {'width': 460, 'height': 613, 'url': 'https://img-comment-fun.9cache.com/media/aLvRXV6/aXPedbAx_700w_0.jpg', 'webpUrl': 'https://img-comment-fun.9cache.com/media/aLvRXV6/aXPedbAx_700wp_0.webp'}}, 'sourceMeta': {'accountKey': 'aLvRXV6', 'key': 'aXPedbAx', 'type': 'jpg', 'class': 'STATIC', 'size': 41894, 'width': 460, 'height': 613, 'hash': '031bcc2148c8b36123eac10ab25d8d9b'}, 'hash': 'd1a2098eb88bd640f00042b70cd04e42'}]","[{'type': 'userMedia', 'data': {'type': 'STATIC', 'image': {'width': 460, 'height': 613, 'url': 'https://img-comment-fun.9cache.com/media/aLvRXV6/aXPedbAx_700w_0.jpg', 'webpUrl': 'https://img-comment-fun.9cache.com/media/aLvRXV6/aXPedbAx_700wp_0.webp'}}}]",0.737,0.0,0.263,Neutral
c_162819453432284443,2,{'@toasty95': '16460631'},c_162815056618769111,http://9gag.com/gag/a5EAv9O#cs_comment_id=c_162819453432284443,@toasty95 the people that are censored on social media are the same pieces of shit that cause January 6th so keep up with the retarded rhetoric.,Y2lkPWNfMTYyODE1MDU2NjE4NzY5MTExJmFpZD00MzUyMTExNA,2021-08-09 02:55:41,text,0,@toasty95 the people that are censored on social media are the same pieces of shit that cause January 6th so keep up with the retarded rhetoric.,"{'userId': 'u_161751364899981873', 'avatarUrl': 'https://accounts-cdn.9gag.com/media/avatar/60106464_100_1.jpg', 'displayName': '395xp', 'emojiStatus': '', 'country': 'us', 'profileUrl': 'https://9gag.com/u/395xp', 'profileUrls': {'a_dd8f2b7d304a10edaf6f29517ea0ca4100a43d1b': 'https://9gag.com/u/395xp'}, 'timestamp': '1617513648', 'permissions': {}, 'isActivePro': False, 'isActiveProPlus': False, 'isVerifiedAccount': False, 'accountId': '60106464', 'activeTs': 1646178214, 'preferences': {'hideProBadge': 0, 'hideActiveTs': 0, 'accentColor': '', 'backgroundColor': ''}}",0,2,0,0,,0,0,0,0,0,,,0.721,0.0,0.279,Neutral
c_162819701064737817,2,{'@395xp': '60106464'},c_162815056618769111,http://9gag.com/gag/a5EAv9O#cs_comment_id=c_162819701064737817,"@395xp that is an extremely ignorant stance that doesn‚Äôt add up, this was going on long before Jan 6th and censorship is also likely a contributing factor. Also what of the media that stoked the flames of blm riots? What about left wing anti war groups being censored? Is freedom of speech not a right? You do realize when people are saying crazy things it‚Äôs best to let them speak so they expose themselves as unreasonable. You realize you are advocating for authoritarianism. Your are retroactively justifying authoritarian action by labeling people terrorist. An example of how this made Jan 6th worse after was the fact that the rioters didn‚Äôt kill any cops on Jan 6th was suppressed and the media lied about that long after the evidence was available to dispute that. This led to the demonization of nearly half the country deepening the divide. This censorship is just being used to justify hate.",Y2lkPWNfMTYyODE1MDU2NjE4NzY5MTExJmFpZD00MzUyMTExNA,2021-08-05 12:05:06,text,0,"@395xp that is an extremely ignorant stance that doesn‚Äôt add up, this was going on long before Jan 6th and censorship is also likely a contributing factor. Also what of the media that stoked the flames of blm riots? What about left wing anti war groups being censored? Is freedom of speech not a right? You do realize when people are saying crazy things it‚Äôs best to let them speak so they expose themselves as unreasonable. You realize you are advocating for authoritarianism. Your are retroactively justifying authoritarian action by labeling people terrorist. An example of how this made Jan 6th worse after was the fact that the rioters didn‚Äôt kill any cops on Jan 6th was suppressed and the media lied about that long after the evidence was available to dispute that. This led to the demonization of nearly half the country deepening the divide. This censorship is just being used to justify hate.","{'userId': 'u_13935733901733', 'avatarUrl': 'https://accounts-cdn.9gag.com/avatar/default_53_100_v0.jpg', 'displayName': 'toasty95', 'emojiStatus': '', 'country': 'us', 'profileUrl': 'https://9gag.com/u/toasty95', 'profileUrls': {'a_dd8f2b7d304a10edaf6f29517ea0ca4100a43d1b': 'https://9gag.com/u/toasty95'}, 'timestamp': '1393573390', 'permissions': {}, 'isActivePro': False, 'isActiveProPlus': False, 'isVerifiedAccount': False, 'accountId': '16460631', 'activeTs': 1653784239, 'preferences': {'hideProBadge': 0, 'hideActiveTs': 0, 'accentColor': '', 'backgroundColor': ''}}",0,0,0,0,,0,0,0,0,0,,,0.741,0.045,0.214,Neutral
c_162822911154603659,2,{'@toasty95': '16460631'},c_162815056618769111,http://9gag.com/gag/a5EAv9O#cs_comment_id=c_162822911154603659,@toasty95 Boo McFuckin hoo,Y2lkPWNfMTYyODE1MDU2NjE4NzY5MTExJmFpZD00MzUyMTExNA,2021-08-05 11:42:04,text,0,@toasty95 Boo McFuckin hoo,"{'userId': 'u_161751364899981873', 'avatarUrl': 'https://accounts-cdn.9gag.com/media/avatar/60106464_100_1.jpg', 'displayName': '395xp', 'emojiStatus': '', 'country': 'us', 'profileUrl': 'https://9gag.com/u/395xp', 'profileUrls': {'a_dd8f2b7d304a10edaf6f29517ea0ca4100a43d1b': 'https://9gag.com/u/395xp'}, 'timestamp': '1617513648', 'permissions': {}, 'isActivePro': False, 'isActiveProPlus': False, 'isVerifiedAccount': False, 'accountId': '60106464', 'activeTs': 1646178214, 'preferences': {'hideProBadge': 0, 'hideActiveTs': 0, 'accentColor': '', 'backgroundColor': ''}}",0,0,0,0,,0,0,0,0,0,,,1.0,0.0,0.0,Neutral
c_162815817197899374,2,{'@mouryou': '14224591'},c_162815145266883819,http://9gag.com/gag/a5EAv9O#cs_comment_id=c_162815817197899374,@mouryou hahahaahhahahah,Y2lkPWNfMTYyODE1MTQ1MjY2ODgzODE5JmFpZD0xNDIyNDU5MQ,2021-08-05 08:02:40,text,0,@mouryou hahahaahhahahah,"{'userId': 'u_160641869641101067', 'avatarUrl': 'https://accounts-cdn.9gag.com/media/default-avatar/1_77_100_v0.jpg', 'displayName': 'fakemail157', 'emojiStatus': '', 'country': 'gr', 'profileUrl': 'https://9gag.com/u/fakemail157', 'profileUrls': {'a_dd8f2b7d304a10edaf6f29517ea0ca4100a43d1b': 'https://9gag.com/u/fakemail157'}, 'timestamp': '1606418696', 'permissions': {}, 'isActivePro': False, 'isActiveProPlus': False, 'isVerifiedAccount': False, 'accountId': '58675723', 'activeTs': 1673739021, 'preferences': {'hideProBadge': 0, 'hideActiveTs': 0, 'accentColor': '', 'backgroundColor': ''}}",0,0,0,0,,0,0,0,0,0,,,1.0,0.0,0.0,Neutral
c_162819851146166420,2,{'@cypher8269': '4453204'},c_162818217283461262,http://9gag.com/gag/a5EAv9O#cs_comment_id=c_162819851146166420,"@cypher8269 you realize that the eagle is the symbol of so many things.... The seal of numerous government departments. The national bird of many countries....
But nah. Let's go straight to nazi.",Y2lkPWNfMTYyODE4MjE3MjgzNDYxMjYyJmFpZD00NDUzMjA0,2021-08-05 08:24:12,text,0,"@cypher8269 you realize that the eagle is the symbol of so many things.... The seal of numerous government departments. The national bird of many countries....
But nah. Let's go straight to nazi.","{'userId': 'u_151752384855057175', 'avatarUrl': 'https://accounts-cdn.9gag.com/media/avatar/47743746_100_2.jpg', 'displayName': 'gazmatic', 'emojiStatus': 'üá¶üá∂', 'country': 'us', 'profileUrl': 'https://9gag.com/u/gazmatic', 'profileUrls': {'a_dd8f2b7d304a10edaf6f29517ea0ca4100a43d1b': 'https://9gag.com/u/gazmatic'}, 'timestamp': '1517523848', 'permissions': {}, 'isActivePro': False, 'isActiveProPlus': False, 'isVerifiedAccount': False, 'accountId': '47743746', 'activeTs': 1665567462, 'preferences': {'hideProBadge': 0, 'hideActiveTs': 0, 'accentColor': '', 'backgroundColor': ''}}",2,2,0,0,,0,0,0,0,0,,,0.884,0.069,0.047,Neutral
c_162820054411724578,2,{'@gazmatic': '47743746'},c_162818217283461262,http://9gag.com/gag/a5EAv9O#cs_comment_id=c_162820054411724578,"@gazmatic that is a hindu symbol meaning luck. but go ahead and jump straight to nazi. (The swastika is a Hindu symbol of luck and prosperity. In Sanskrit, swastika means ‚Äúthat which is good.‚Äù ) Good job.",Y2lkPWNfMTYyODE4MjE3MjgzNDYxMjYyJmFpZD00NDUzMjA0,2021-08-05 08:10:46,text,0,"@gazmatic that is a hindu symbol meaning luck. but go ahead and jump straight to nazi. (The swastika is a Hindu symbol of luck and prosperity. In Sanskrit, swastika means ‚Äúthat which is good.‚Äù ) Good job.","{'userId': 'u_13775585266992', 'avatarUrl': 'https://accounts-cdn.9gag.com/media/avatar/4453204_100_3.jpg', 'displayName': 'cypher8269', 'emojiStatus': '', 'country': 'us', 'profileUrl': 'https://9gag.com/u/cypher8269', 'profileUrls': {'a_dd8f2b7d304a10edaf6f29517ea0ca4100a43d1b': 'https://9gag.com/u/cypher8269'}, 'timestamp': '1377558526', 'permissions': {}, 'isActivePro': False, 'isActiveProPlus': False, 'isVerifiedAccount': False, 'accountId': '4453204', 'activeTs': 1678353284, 'preferences': {'hideProBadge': 0, 'hideActiveTs': 0, 'accentColor': '', 'backgroundColor': ''}}",2,0,0,0,,0,0,0,0,0,,,0.711,0.289,0.0,Neutral
c_162815143781205871,2,{'dummy': ''},c_162815062778905769,http://9gag.com/gag/a5EAv9O#cs_comment_id=c_162815143781205871,Buy it without the freedom phone branding and you save 350 dollars,Y2lkPWNfMTYyODE1MDYyNzc4OTA1NzY5JmFpZD0yMDI4MTE2MQ,2021-08-05 11:27:42,text,0,Buy it without the freedom phone branding and you save 350 dollars,"{'userId': 'u_143368735922315513', 'avatarUrl': 'https://accounts-cdn.9gag.com/media/avatar/27319765_100_1.jpg', 'displayName': 'cutcrane6', 'emojiStatus': '', 'country': 'de', 'profileUrl': 'https://9gag.com/u/cutcrane6', 'profileUrls': {'a_dd8f2b7d304a10edaf6f29517ea0ca4100a43d1b': 'https://9gag.com/u/cutcrane6'}, 'timestamp': '1433687359', 'permissions': {}, 'isActivePro': False, 'isActiveProPlus': False, 'isVerifiedAccount': False, 'accountId': '27319765', 'activeTs': 1678350322, 'preferences': {'hideProBadge': 0, 'hideActiveTs': 0, 'accentColor': '', 'backgroundColor': ''}}",1,1,0,0,,0,0,0,0,0,,,0.604,0.193,0.203,Neutral
c_162817748213028449,2,{'@hateworldwide': '20281161'},c_162815062778905769,http://9gag.com/gag/a5EAv9O#cs_comment_id=c_162817748213028449,@hateworldwide Dont forget to buy your government tracking device made in china with big tech labels for 1k dollars. Because the fact is every phone is made in china. The only difference is someone wanted to make one that isn't tracked by the government or big tech with the idea of selling your personal information for profit.,Y2lkPWNfMTYyODE1MDYyNzc4OTA1NzY5JmFpZD0yMDI4MTE2MQ,2021-08-06 01:39:21,text,0,@hateworldwide Dont forget to buy your government tracking device made in china with big tech labels for 1k dollars. Because the fact is every phone is made in china. The only difference is someone wanted to make one that isn't tracked by the government or big tech with the idea of selling your personal information for profit.,"{'userId': 'u_160113583487231421', 'avatarUrl': 'https://accounts-cdn.9gag.com/media/default-avatar/1_76_100_v0.jpg', 'displayName': 'alfadarik117', 'emojiStatus': '', 'country': 'us', 'profileUrl': 'https://9gag.com/u/alfadarik117', 'profileUrls': {'a_dd8f2b7d304a10edaf6f29517ea0ca4100a43d1b': 'https://9gag.com/u/alfadarik117'}, 'timestamp': '1601135834', 'permissions': {}, 'isActivePro': False, 'isActiveProPlus': False, 'isVerifiedAccount': False, 'accountId': '57860937', 'activeTs': 1678296902, 'preferences': {'hideProBadge': 0, 'hideActiveTs': 0, 'accentColor': '', 'backgroundColor': ''}}",1,0,0,0,,0,0,0,0,0,,,0.923,0.077,0.0,Neutral
c_162818357273795335,2,{'@cutcrane6': '27319765'},c_162815062778905769,http://9gag.com/gag/a5EAv9O#cs_comment_id=c_162818357273795335,@cutcrane6 you don‚Äôt get the software and you get different parts sourcing.,Y2lkPWNfMTYyODE1MDYyNzc4OTA1NzY5JmFpZD0yMDI4MTE2MQ,2021-08-05 19:21:08,text,0,@cutcrane6 you don‚Äôt get the software and you get different parts sourcing.,"{'userId': 'u_13935733901733', 'avatarUrl': 'https://accounts-cdn.9gag.com/avatar/default_53_100_v0.jpg', 'displayName': 'toasty95', 'emojiStatus': '', 'country': 'us', 'profileUrl': 'https://9gag.com/u/toasty95', 'profileUrls': {'a_dd8f2b7d304a10edaf6f29517ea0ca4100a43d1b': 'https://9gag.com/u/toasty95'}, 'timestamp': '1393573390', 'permissions': {}, 'isActivePro': False, 'isActiveProPlus': False, 'isVerifiedAccount': False, 'accountId': '16460631', 'activeTs': 1653784239, 'preferences': {'hideProBadge': 0, 'hideActiveTs': 0, 'accentColor': '', 'backgroundColor': ''}}",0,1,0,0,,0,0,0,0,0,,,1.0,0.0,0.0,Neutral
c_162818378124177442,2,{'@hateworldwide': '20281161'},c_162815062778905769,http://9gag.com/gag/a5EAv9O#cs_comment_id=c_162818378124177442,@hateworldwide it‚Äôs not the same as the Chinese phone it has alternate parts sourcing and proprietary software including its own App Store. The software hasn‚Äôt been forensically tested yet so the jury is out weather or not the markup is worth it. Of course if you know what you are doing you can get most of the privacy advantages from any android.,Y2lkPWNfMTYyODE1MDYyNzc4OTA1NzY5JmFpZD0yMDI4MTE2MQ,2021-08-05 18:40:32,text,0,@hateworldwide it‚Äôs not the same as the Chinese phone it has alternate parts sourcing and proprietary software including its own App Store. The software hasn‚Äôt been forensically tested yet so the jury is out weather or not the markup is worth it. Of course if you know what you are doing you can get most of the privacy advantages from any android.,"{'userId': 'u_13935733901733', 'avatarUrl': 'https://accounts-cdn.9gag.com/avatar/default_53_100_v0.jpg', 'displayName': 'toasty95', 'emojiStatus': '', 'country': 'us', 'profileUrl': 'https://9gag.com/u/toasty95', 'profileUrls': {'a_dd8f2b7d304a10edaf6f29517ea0ca4100a43d1b': 'https://9gag.com/u/toasty95'}, 'timestamp': '1393573390', 'permissions': {}, 'isActivePro': False, 'isActiveProPlus': False, 'isVerifiedAccount': False, 'accountId': '16460631', 'activeTs': 1653784239, 'preferences': {'hideProBadge': 0, 'hideActiveTs': 0, 'accentColor': '', 'backgroundColor': ''}}",0,0,0,0,,0,0,0,0,0,,,0.932,0.068,0.0,Neutral
c_162818891348179276,2,{'@cutcrane6': '27319765'},c_162815062778905769,http://9gag.com/gag/a5EAv9O#cs_comment_id=c_162818891348179276,@cutcrane6 its not just branding its also an operating system.,Y2lkPWNfMTYyODE1MDYyNzc4OTA1NzY5JmFpZD0yMDI4MTE2MQ,2021-08-05 14:25:44,text,0,@cutcrane6 its not just branding its also an operating system.,"{'userId': 'u_157466892212932703', 'avatarUrl': 'https://accounts-cdn.9gag.com/media/avatar/54147668_100_5.jpg', 'displayName': 'bruhmanperson', 'emojiStatus': 'ü•î', 'country': 'us', 'profileUrl': 'https://9gag.com/u/bruhmanperson', 'profileUrls': {'a_dd8f2b7d304a10edaf6f29517ea0ca4100a43d1b': 'https://9gag.com/u/bruhmanperson'}, 'timestamp': '1574668922', 'permissions': {'9GAG_Pro': 1, '9GAG_Pro_Plus': 1}, 'isActivePro': True, 'isActiveProPlus': True, 'isVerifiedAccount': False, 'accountId': '54147668', 'activeTs': 1672675981, 'preferences': {'hideProBadge': 1, 'hideActiveTs': 0, 'accentColor': '', 'backgroundColor': ''}}",1,0,0,0,,0,0,0,0,0,,,1.0,0.0,0.0,Neutral
c_162816103879464823,2,{'@beiml1': '60931824'},c_162815525613696405,http://9gag.com/gag/a5EAv9O#cs_comment_id=c_162816103879464823,"@beiml1   It‚Äôs hell being poor ‚Ä¶with the way Biden‚Äôs inflation is happening, I‚Äôm about to go to food pantries to get free food and save my pay check for a big ole sack of happiness.",Y2lkPWNfMTYyODE1NTI1NjEzNjk2NDA1JmFpZD02MDkzMTgyNA,2021-08-05 08:02:31,text,0,"@beiml1   It‚Äôs hell being poor ‚Ä¶with the way Biden‚Äôs inflation is happening, I‚Äôm about to go to food pantries to get free food and save my pay check for a big ole sack of happiness.","{'userId': 'u_142152041947659804', 'avatarUrl': 'https://accounts-cdn.9gag.com/media/default-avatar/1_148_100_v0.jpg', 'displayName': 'balabushka', 'emojiStatus': '', 'country': 'us', 'profileUrl': 'https://9gag.com/u/balabushka', 'profileUrls': {'a_dd8f2b7d304a10edaf6f29517ea0ca4100a43d1b': 'https://9gag.com/u/balabushka'}, 'timestamp': '1421520419', 'permissions': {}, 'isActivePro': False, 'isActiveProPlus': False, 'isVerifiedAccount': False, 'accountId': '23720319', 'activeTs': 0, 'preferences': {'hideProBadge': 0, 'hideActiveTs': 1, 'accentColor': '', 'backgroundColor': ''}}",3,0,0,0,,0,0,0,0,0,,,0.593,0.214,0.193,Neutral
c_162818892893368083,2,{'@hellabored2': '44088093'},c_162815144808218414,http://9gag.com/gag/a5EAv9O#cs_comment_id=c_162818892893368083,@hellabored2 ok hitler,Y2lkPWNfMTYyODE1MTQ0ODA4MjE4NDE0JmFpZD00NDA4ODA5Mw,2021-08-07 13:42:04,text,0,@hellabored2 ok hitler,"{'userId': 'u_157466892212932703', 'avatarUrl': 'https://accounts-cdn.9gag.com/media/avatar/54147668_100_5.jpg', 'displayName': 'bruhmanperson', 'emojiStatus': 'ü•î', 'country': 'us', 'profileUrl': 'https://9gag.com/u/bruhmanperson', 'profileUrls': {'a_dd8f2b7d304a10edaf6f29517ea0ca4100a43d1b': 'https://9gag.com/u/bruhmanperson'}, 'timestamp': '1574668922', 'permissions': {'9GAG_Pro': 1, '9GAG_Pro_Plus': 1}, 'isActivePro': True, 'isActiveProPlus': True, 'isVerifiedAccount': False, 'accountId': '54147668', 'activeTs': 1672675981, 'preferences': {'hideProBadge': 1, 'hideActiveTs': 0, 'accentColor': '', 'backgroundColor': ''}}",0,0,0,0,,0,0,0,0,0,,,0.476,0.524,0.0,Positive
c_162818943979298369,2,{'@bruhmanperson': '54147668'},c_162815144808218414,http://9gag.com/gag/a5EAv9O#cs_comment_id=c_162818943979298369,@bruhmanperson *nah tattoo it on the face so the rest of us know who they are,Y2lkPWNfMTYyODE1MTQ0ODA4MjE4NDE0JmFpZD00NDA4ODA5Mw,2021-08-06 03:23:47,text,0,@bruhmanperson *nah tattoo it on the face so the rest of us know who they are,"{'userId': 'u_149010250712922245', 'avatarUrl': 'https://accounts-cdn.9gag.com/media/avatar/44088093_100_1.jpg', 'displayName': 'hellabored2', 'emojiStatus': '', 'country': 'us', 'profileUrl': 'https://9gag.com/u/hellabored2', 'profileUrls': {'a_dd8f2b7d304a10edaf6f29517ea0ca4100a43d1b': 'https://9gag.com/u/hellabored2'}, 'timestamp': '1490102507', 'permissions': {}, 'isActivePro': False, 'isActiveProPlus': False, 'isVerifiedAccount': False, 'accountId': '44088093', 'activeTs': 0, 'preferences': {'hideProBadge': 0, 'hideActiveTs': 1, 'accentColor': '', 'backgroundColor': ''}}",0,0,0,0,,0,0,0,0,0,,,1.0,0.0,0.0,Neutral
c_162818990916677854,2,{'@hellabored2': '44088093'},c_162815144808218414,http://9gag.com/gag/a5EAv9O#cs_comment_id=c_162818990916677854,@hellabored2 like the jews in nazi Germany?,Y2lkPWNfMTYyODE1MTQ0ODA4MjE4NDE0JmFpZD00NDA4ODA5Mw,2021-08-06 04:51:03,text,0,@hellabored2 like the jews in nazi Germany?,"{'userId': 'u_157466892212932703', 'avatarUrl': 'https://accounts-cdn.9gag.com/media/avatar/54147668_100_5.jpg', 'displayName': 'bruhmanperson', 'emojiStatus': 'ü•î', 'country': 'us', 'profileUrl': 'https://9gag.com/u/bruhmanperson', 'profileUrls': {'a_dd8f2b7d304a10edaf6f29517ea0ca4100a43d1b': 'https://9gag.com/u/bruhmanperson'}, 'timestamp': '1574668922', 'permissions': {'9GAG_Pro': 1, '9GAG_Pro_Plus': 1}, 'isActivePro': True, 'isActiveProPlus': True, 'isVerifiedAccount': False, 'accountId': '54147668', 'activeTs': 1672675981, 'preferences': {'hideProBadge': 1, 'hideActiveTs': 0, 'accentColor': '', 'backgroundColor': ''}}",0,0,0,0,,0,0,0,0,0,,,0.706,0.294,0.0,Neutral
c_162819001500293640,2,{'@bruhmanperson': '54147668'},c_162815144808218414,http://9gag.com/gag/a5EAv9O#cs_comment_id=c_162819001500293640,@bruhmanperson like the nazis should have been,Y2lkPWNfMTYyODE1MTQ0ODA4MjE4NDE0JmFpZD00NDA4ODA5Mw,2021-08-05 12:54:01,text,0,@bruhmanperson like the nazis should have been,"{'userId': 'u_149010250712922245', 'avatarUrl': 'https://accounts-cdn.9gag.com/media/avatar/44088093_100_1.jpg', 'displayName': 'hellabored2', 'emojiStatus': '', 'country': 'us', 'profileUrl': 'https://9gag.com/u/hellabored2', 'profileUrls': {'a_dd8f2b7d304a10edaf6f29517ea0ca4100a43d1b': 'https://9gag.com/u/hellabored2'}, 'timestamp': '1490102507', 'permissions': {}, 'isActivePro': False, 'isActiveProPlus': False, 'isVerifiedAccount': False, 'accountId': '44088093', 'activeTs': 0, 'preferences': {'hideProBadge': 0, 'hideActiveTs': 1, 'accentColor': '', 'backgroundColor': ''}}",0,0,0,0,,0,0,0,0,0,,,0.706,0.294,0.0,Neutral
c_162816650191469901,2,{'@dogboi': '5826906'},c_162815145419813562,http://9gag.com/gag/a5EAv9O#cs_comment_id=c_162816650191469901,@dogboi,Y2lkPWNfMTYyODE1MTQ1NDE5ODEzNTYyJmFpZD01ODI2OTA2,2021-08-05 08:04:46,userMedia,0,@dogboi,"{'userId': 'u_13793290133659', 'avatarUrl': 'https://accounts-cdn.9gag.com/media/avatar/1989958_100_1.jpg', 'displayName': 'apollo_toaster', 'emojiStatus': 'üá™üá∫', 'country': 'nl', 'profileUrl': 'https://9gag.com/u/apollo_toaster', 'profileUrls': {'a_dd8f2b7d304a10edaf6f29517ea0ca4100a43d1b': 'https://9gag.com/u/apollo_toaster'}, 'timestamp': '1379329013', 'permissions': {'9GAG_Pro': 1, '9GAG_Pro_Plus': 1}, 'isActivePro': True, 'isActiveProPlus': True, 'isVerifiedAccount': False, 'accountId': '1989958', 'activeTs': 1675203926, 'preferences': {'hideProBadge': 0, 'hideActiveTs': 0, 'accentColor': '', 'backgroundColor': ''}}",1,0,0,0,,0,0,0,0,0,"[{'imageMetaByType': {'type': 'STATIC', 'image': {'width': 700, 'height': 467, 'url': 'https://img-comment-fun.9cache.com/media/aQAoWd/a49bD0QP_700w_0.jpg', 'webpUrl': 'https://img-comment-fun.9cache.com/media/aQAoWd/a49bD0QP_700wp_0.webp'}, 'imageXLarge': {'width': 800, 'height': 534, 'url': 'https://img-comment-fun.9cache.com/media/aQAoWd/a49bD0QP_xlarge_c4dd8ce037.jpg'}}, 'sourceMeta': {'accountKey': 'aQAoWd', 'key': 'a49bD0QP', 'type': 'jpg', 'class': 'STATIC', 'size': 68538, 'width': 800, 'height': 534, 'hash': 'f3f5eb371da99fad76fb4ad52541e353'}, 'hash': 'df18a7af72c05eb5a6720891ad04b970'}]","[{'type': 'userMedia', 'data': {'type': 'STATIC', 'image': {'width': 700, 'height': 467, 'url': 'https://img-comment-fun.9cache.com/media/aQAoWd/a49bD0QP_700w_0.jpg', 'webpUrl': 'https://img-comment-fun.9cache.com/media/aQAoWd/a49bD0QP_700wp_0.webp'}, 'imageXLarge': {'width': 800, 'height': 534, 'url': 'https://img-comment-fun.9cache.com/media/aQAoWd/a49bD0QP_xlarge_c4dd8ce037.jpg'}}}]",1.0,0.0,0.0,Neutral
c_162815119006878575,2,{'@lcs0': '20401152'},c_162815093758672470,http://9gag.com/gag/a5EAv9O#cs_comment_id=c_162815119006878575,@lcs0 it's funny because it's obviously a grift yet millions will probably fall for it,Y2lkPWNfMTYyODE1MDkzNzU4NjcyNDcwJmFpZD0yMDQwMTE1Mg,2021-08-05 12:40:31,text,0,@lcs0 it's funny because it's obviously a grift yet millions will probably fall for it,"{'userId': 'u_13793290133659', 'avatarUrl': 'https://accounts-cdn.9gag.com/media/avatar/1989958_100_1.jpg', 'displayName': 'apollo_toaster', 'emojiStatus': 'üá™üá∫', 'country': 'nl', 'profileUrl': 'https://9gag.com/u/apollo_toaster', 'profileUrls': {'a_dd8f2b7d304a10edaf6f29517ea0ca4100a43d1b': 'https://9gag.com/u/apollo_toaster'}, 'timestamp': '1379329013', 'permissions': {'9GAG_Pro': 1, '9GAG_Pro_Plus': 1}, 'isActivePro': True, 'isActiveProPlus': True, 'isVerifiedAccount': False, 'accountId': '1989958', 'activeTs': 1675203926, 'preferences': {'hideProBadge': 0, 'hideActiveTs': 0, 'accentColor': '', 'backgroundColor': ''}}",2,3,0,0,,0,0,0,0,0,,,0.818,0.182,0.0,Neutral
c_162815134282478815,2,{'@lcs0': '20401152'},c_162815093758672470,http://9gag.com/gag/a5EAv9O#cs_comment_id=c_162815134282478815,"@lcs0 the nazis had arm bands, the Romans had pins,  gangs and militias have tattoos. Trumpers have a card. It's the ideas of what it means more so than the actual card itself.",Y2lkPWNfMTYyODE1MDkzNzU4NjcyNDcwJmFpZD0yMDQwMTE1Mg,2021-08-05 22:34:32,text,0,"@lcs0 the nazis had arm bands, the Romans had pins,  gangs and militias have tattoos. Trumpers have a card. It's the ideas of what it means more so than the actual card itself.","{'userId': 'u_13808504335971', 'avatarUrl': 'https://accounts-cdn.9gag.com/media/avatar/5285685_100_4.jpg', 'displayName': 'xomomas', 'emojiStatus': '', 'country': 'us', 'profileUrl': 'https://9gag.com/u/xomomas', 'profileUrls': {'a_dd8f2b7d304a10edaf6f29517ea0ca4100a43d1b': 'https://9gag.com/u/xomomas'}, 'timestamp': '1380850433', 'permissions': {}, 'isActivePro': False, 'isActiveProPlus': False, 'isVerifiedAccount': False, 'accountId': '5285685', 'activeTs': 1668809432, 'preferences': {'hideProBadge': 0, 'hideActiveTs': 0, 'accentColor': '', 'backgroundColor': ''}}",0,3,0,0,,0,0,0,0,0,,,1.0,0.0,0.0,Neutral
c_162815810633326251,2,{'dummy': ''},c_162815093758672470,http://9gag.com/gag/a5EAv9O#cs_comment_id=c_162815810633326251,It's just a club / member card,Y2lkPWNfMTYyODE1MDkzNzU4NjcyNDcwJmFpZD0yMDQwMTE1Mg,2021-08-05 08:03:00,text,0,It's just a club / member card,"{'userId': 'u_141051893203826396', 'avatarUrl': 'https://accounts-cdn.9gag.com/media/avatar/20401152_100_4.jpg', 'displayName': 'lcs0', 'emojiStatus': '', 'country': 'de', 'profileUrl': 'https://9gag.com/u/lcs0', 'profileUrls': {'a_dd8f2b7d304a10edaf6f29517ea0ca4100a43d1b': 'https://9gag.com/u/lcs0'}, 'timestamp': '1410518932', 'permissions': {}, 'isActivePro': False, 'isActiveProPlus': False, 'isVerifiedAccount': False, 'accountId': '20401152', 'activeTs': 1678353371, 'preferences': {'hideProBadge': 0, 'hideActiveTs': 0, 'accentColor': '', 'backgroundColor': ''}}",2,1,0,0,,0,0,0,0,0,,,1.0,0.0,0.0,Neutral
c_162815926876259721,2,{'@xomomas': '5285685'},c_162815093758672470,http://9gag.com/gag/a5EAv9O#cs_comment_id=c_162815926876259721,@xomomas democrats get Vax tattoos,Y2lkPWNfMTYyODE1MDkzNzU4NjcyNDcwJmFpZD0yMDQwMTE1Mg,,text,0,@xomomas democrats get Vax tattoos,"{'userId': 'u_151752384855057175', 'avatarUrl': 'https://accounts-cdn.9gag.com/media/avatar/47743746_100_2.jpg', 'displayName': 'gazmatic', 'emojiStatus': 'üá¶üá∂', 'country': 'us', 'profileUrl': 'https://9gag.com/u/gazmatic', 'profileUrls': {'a_dd8f2b7d304a10edaf6f29517ea0ca4100a43d1b': 'https://9gag.com/u/gazmatic'}, 'timestamp': '1517523848', 'permissions': {}, 'isActivePro': False, 'isActiveProPlus': False, 'isVerifiedAccount': False, 'accountId': '47743746', 'activeTs': 1665567462, 'preferences': {'hideProBadge': 0, 'hideActiveTs': 0, 'accentColor': '', 'backgroundColor': ''}}",1,0,0,0,,0,0,0,0,0,,,1.0,0.0,0.0,Neutral
c_162816073698358119,2,{'@gazmatic': '47743746'},c_162815093758672470,http://9gag.com/gag/a5EAv9O#cs_comment_id=c_162816073698358119,"@gazmatic sure, the influences do. And not many people actually tolerate hanging out with them. That's why they take to the internet. That doesn't really hold a candle to Trump fans by numbers though.",Y2lkPWNfMTYyODE1MDkzNzU4NjcyNDcwJmFpZD0yMDQwMTE1Mg,,text,0,"@gazmatic sure, the influences do. And not many people actually tolerate hanging out with them. That's why they take to the internet. That doesn't really hold a candle to Trump fans by numbers though.","{'userId': 'u_13808504335971', 'avatarUrl': 'https://accounts-cdn.9gag.com/media/avatar/5285685_100_4.jpg', 'displayName': 'xomomas', 'emojiStatus': '', 'country': 'us', 'profileUrl': 'https://9gag.com/u/xomomas', 'profileUrls': {'a_dd8f2b7d304a10edaf6f29517ea0ca4100a43d1b': 'https://9gag.com/u/xomomas'}, 'timestamp': '1380850433', 'permissions': {}, 'isActivePro': False, 'isActiveProPlus': False, 'isVerifiedAccount': False, 'accountId': '5285685', 'activeTs': 1668809432, 'preferences': {'hideProBadge': 0, 'hideActiveTs': 0, 'accentColor': '', 'backgroundColor': ''}}",0,0,0,0,,0,0,0,0,0,,,0.933,0.067,0.0,Neutral
c_162818399116288545,2,{'@xomomas': '5285685'},c_162815093758672470,http://9gag.com/gag/a5EAv9O#cs_comment_id=c_162818399116288545,@xomomas and the Boy Scouts have handkerchiefs what‚Äôs you point? Do you not find it funny that you are comparing this to the nazis and gangs?,Y2lkPWNfMTYyODE1MDkzNzU4NjcyNDcwJmFpZD0yMDQwMTE1Mg,,text,0,@xomomas and the Boy Scouts have handkerchiefs what‚Äôs you point? Do you not find it funny that you are comparing this to the nazis and gangs?,"{'userId': 'u_13935733901733', 'avatarUrl': 'https://accounts-cdn.9gag.com/avatar/default_53_100_v0.jpg', 'displayName': 'toasty95', 'emojiStatus': '', 'country': 'us', 'profileUrl': 'https://9gag.com/u/toasty95', 'profileUrls': {'a_dd8f2b7d304a10edaf6f29517ea0ca4100a43d1b': 'https://9gag.com/u/toasty95'}, 'timestamp': '1393573390', 'permissions': {}, 'isActivePro': False, 'isActiveProPlus': False, 'isVerifiedAccount': False, 'accountId': '16460631', 'activeTs': 1653784239, 'preferences': {'hideProBadge': 0, 'hideActiveTs': 0, 'accentColor': '', 'backgroundColor': ''}}",0,0,0,0,,0,0,0,0,0,,,0.9,0.0,0.1,Neutral
c_162819533244905610,2,{'@toasty95': '16460631'},c_162815093758672470,http://9gag.com/gag/a5EAv9O#cs_comment_id=c_162819533244905610,"@toasty95 religions have symbols too. It's about intentions. Why would anyone need a card about a past president that isn't doing anything but disrupt the system for his own gain? Commemorative objects, sure, but this is something that people are going to flaunt to get their ""american"" discount and throw hissy fits and take to the media about how they were looked down on or kicked out of places. It brings more harm than good.",Y2lkPWNfMTYyODE1MDkzNzU4NjcyNDcwJmFpZD0yMDQwMTE1Mg,,text,0,"@toasty95 religions have symbols too. It's about intentions. Why would anyone need a card about a past president that isn't doing anything but disrupt the system for his own gain? Commemorative objects, sure, but this is something that people are going to flaunt to get their ""american"" discount and throw hissy fits and take to the media about how they were looked down on or kicked out of places. It brings more harm than good.","{'userId': 'u_13808504335971', 'avatarUrl': 'https://accounts-cdn.9gag.com/media/avatar/5285685_100_4.jpg', 'displayName': 'xomomas', 'emojiStatus': '', 'country': 'us', 'profileUrl': 'https://9gag.com/u/xomomas', 'profileUrls': {'a_dd8f2b7d304a10edaf6f29517ea0ca4100a43d1b': 'https://9gag.com/u/xomomas'}, 'timestamp': '1380850433', 'permissions': {}, 'isActivePro': False, 'isActiveProPlus': False, 'isVerifiedAccount': False, 'accountId': '5285685', 'activeTs': 1668809432, 'preferences': {'hideProBadge': 0, 'hideActiveTs': 0, 'accentColor': '', 'backgroundColor': ''}}",0,2,0,0,,0,0,0,0,0,,,0.802,0.137,0.06,Neutral
c_162819802439047468,2,{'@xomomas': '5285685'},c_162815093758672470,http://9gag.com/gag/a5EAv9O#cs_comment_id=c_162819802439047468,@xomomas there are perfectly legitimate things to criticize or even hate trump for but this seems like a stretch. I mean your allowed opinions but it‚Äôs odd that you would say he disrupted the system for his own gain when unlike previous presidents like Obama his net worth decreased as president. And median incomes rose more in 3 years with trump than Obama‚Äôs whole 8. And for the first time in decades the middle class gained more wealth by percentage than the elites (atleast pre 2019) and lowered taxes across the board instead of just putting in loopholes for his friends (like previous establishment candidates have) but I digress you do realize the trump card has been a common figure of speech long before trump was a Republican? This is a novelty not an attack calm down man.,Y2lkPWNfMTYyODE1MDkzNzU4NjcyNDcwJmFpZD0yMDQwMTE1Mg,,text,0,@xomomas there are perfectly legitimate things to criticize or even hate trump for but this seems like a stretch. I mean your allowed opinions but it‚Äôs odd that you would say he disrupted the system for his own gain when unlike previous presidents like Obama his net worth decreased as president. And median incomes rose more in 3 years with trump than Obama‚Äôs whole 8. And for the first time in decades the middle class gained more wealth by percentage than the elites (atleast pre 2019) and lowered taxes across the board instead of just putting in loopholes for his friends (like previous establishment candidates have) but I digress you do realize the trump card has been a common figure of speech long before trump was a Republican? This is a novelty not an attack calm down man.,"{'userId': 'u_13935733901733', 'avatarUrl': 'https://accounts-cdn.9gag.com/avatar/default_53_100_v0.jpg', 'displayName': 'toasty95', 'emojiStatus': '', 'country': 'us', 'profileUrl': 'https://9gag.com/u/toasty95', 'profileUrls': {'a_dd8f2b7d304a10edaf6f29517ea0ca4100a43d1b': 'https://9gag.com/u/toasty95'}, 'timestamp': '1393573390', 'permissions': {}, 'isActivePro': False, 'isActiveProPlus': False, 'isVerifiedAccount': False, 'accountId': '16460631', 'activeTs': 1653784239, 'preferences': {'hideProBadge': 0, 'hideActiveTs': 0, 'accentColor': '', 'backgroundColor': ''}}",0,0,0,0,,0,0,0,0,0,,,0.731,0.198,0.071,Neutral
c_162819835446693627,2,{'@xomomas': '5285685'},c_162815093758672470,http://9gag.com/gag/a5EAv9O#cs_comment_id=c_162819835446693627,"@xomomas I'm going to get one just to post it for you.
I always wondered why he didn't capitalize on that phrase and institute trump cards sooner but now they exist I'm interested. Glad to know it will annoy some people. I'll gladly flaunt it as I do my red Maga hat",Y2lkPWNfMTYyODE1MDkzNzU4NjcyNDcwJmFpZD0yMDQwMTE1Mg,,text,0,"@xomomas I'm going to get one just to post it for you.
I always wondered why he didn't capitalize on that phrase and institute trump cards sooner but now they exist I'm interested. Glad to know it will annoy some people. I'll gladly flaunt it as I do my red Maga hat","{'userId': 'u_151752384855057175', 'avatarUrl': 'https://accounts-cdn.9gag.com/media/avatar/47743746_100_2.jpg', 'displayName': 'gazmatic', 'emojiStatus': 'üá¶üá∂', 'country': 'us', 'profileUrl': 'https://9gag.com/u/gazmatic', 'profileUrls': {'a_dd8f2b7d304a10edaf6f29517ea0ca4100a43d1b': 'https://9gag.com/u/gazmatic'}, 'timestamp': '1517523848', 'permissions': {}, 'isActivePro': False, 'isActiveProPlus': False, 'isVerifiedAccount': False, 'accountId': '47743746', 'activeTs': 1665567462, 'preferences': {'hideProBadge': 0, 'hideActiveTs': 0, 'accentColor': '', 'backgroundColor': ''}}",1,0,0,0,,0,0,0,0,0,,,0.76,0.176,0.064,Neutral
c_162819845126496168,2,{'dummy': ''},c_162815093758672470,http://9gag.com/gag/a5EAv9O#cs_comment_id=c_162819845126496168,Sounds amazing now that I've read some comments. I'll cop one.,Y2lkPWNfMTYyODE1MDkzNzU4NjcyNDcwJmFpZD0yMDQwMTE1Mg,,text,0,Sounds amazing now that I've read some comments. I'll cop one.,"{'userId': 'u_151752384855057175', 'avatarUrl': 'https://accounts-cdn.9gag.com/media/avatar/47743746_100_2.jpg', 'displayName': 'gazmatic', 'emojiStatus': 'üá¶üá∂', 'country': 'us', 'profileUrl': 'https://9gag.com/u/gazmatic', 'profileUrls': {'a_dd8f2b7d304a10edaf6f29517ea0ca4100a43d1b': 'https://9gag.com/u/gazmatic'}, 'timestamp': '1517523848', 'permissions': {}, 'isActivePro': False, 'isActiveProPlus': False, 'isVerifiedAccount': False, 'accountId': '47743746', 'activeTs': 1665567462, 'preferences': {'hideProBadge': 0, 'hideActiveTs': 0, 'accentColor': '', 'backgroundColor': ''}}",1,0,0,0,,0,0,0,0,0,,,0.725,0.275,0.0,Neutral
c_162819949608699341,2,{'@gazmatic': '47743746'},c_162815093758672470,http://9gag.com/gag/a5EAv9O#cs_comment_id=c_162819949608699341,@gazmatic can you imagine being so irrationally terrified of a novelty? Lol,Y2lkPWNfMTYyODE1MDkzNzU4NjcyNDcwJmFpZD0yMDQwMTE1Mg,,text,0,@gazmatic can you imagine being so irrationally terrified of a novelty? Lol,"{'userId': 'u_13935733901733', 'avatarUrl': 'https://accounts-cdn.9gag.com/avatar/default_53_100_v0.jpg', 'displayName': 'toasty95', 'emojiStatus': '', 'country': 'us', 'profileUrl': 'https://9gag.com/u/toasty95', 'profileUrls': {'a_dd8f2b7d304a10edaf6f29517ea0ca4100a43d1b': 'https://9gag.com/u/toasty95'}, 'timestamp': '1393573390', 'permissions': {}, 'isActivePro': False, 'isActiveProPlus': False, 'isVerifiedAccount': False, 'accountId': '16460631', 'activeTs': 1653784239, 'preferences': {'hideProBadge': 0, 'hideActiveTs': 0, 'accentColor': '', 'backgroundColor': ''}}",0,0,0,0,,0,0,0,0,0,,,0.434,0.152,0.414,Neutral
c_162827738270061151,2,{'@sinkingplane': '40264981'},c_162827370087216475,http://9gag.com/gag/a5EAv9O#cs_comment_id=c_162827738270061151,@sinkingplane yeah they did,Y2lkPWNfMTYyODI3MzcwMDg3MjE2NDc1JmFpZD00MDI2NDk4MQ,,text,0,@sinkingplane yeah they did,"{'userId': 'u_13793290133659', 'avatarUrl': 'https://accounts-cdn.9gag.com/media/avatar/1989958_100_1.jpg', 'displayName': 'apollo_toaster', 'emojiStatus': 'üá™üá∫', 'country': 'nl', 'profileUrl': 'https://9gag.com/u/apollo_toaster', 'profileUrls': {'a_dd8f2b7d304a10edaf6f29517ea0ca4100a43d1b': 'https://9gag.com/u/apollo_toaster'}, 'timestamp': '1379329013', 'permissions': {'9GAG_Pro': 1, '9GAG_Pro_Plus': 1}, 'isActivePro': True, 'isActiveProPlus': True, 'isVerifiedAccount': False, 'accountId': '1989958', 'activeTs': 1675203926, 'preferences': {'hideProBadge': 0, 'hideActiveTs': 0, 'accentColor': '', 'backgroundColor': ''}}",0,0,0,0,,0,0,0,0,0,,,0.577,0.423,0.0,Neutral
c_162816622020362976,2,{'@ryesig2': '10706344'},c_162816510657686506,http://9gag.com/gag/a5EAv9O#cs_comment_id=c_162816622020362976,"@ryesig2 No, you're thinking about his signed photo, those went on sale for $50 last month",Y2lkPWNfMTYyODE2NTEwNjU3Njg2NTA2JmFpZD0xMDcwNjM0NA,,text,0,"@ryesig2 No, you're thinking about his signed photo, those went on sale for $50 last month","{'userId': 'u_13793290133659', 'avatarUrl': 'https://accounts-cdn.9gag.com/media/avatar/1989958_100_1.jpg', 'displayName': 'apollo_toaster', 'emojiStatus': 'üá™üá∫', 'country': 'nl', 'profileUrl': 'https://9gag.com/u/apollo_toaster', 'profileUrls': {'a_dd8f2b7d304a10edaf6f29517ea0ca4100a43d1b': 'https://9gag.com/u/apollo_toaster'}, 'timestamp': '1379329013', 'permissions': {'9GAG_Pro': 1, '9GAG_Pro_Plus': 1}, 'isActivePro': True, 'isActiveProPlus': True, 'isVerifiedAccount': False, 'accountId': '1989958', 'activeTs': 1675203926, 'preferences': {'hideProBadge': 0, 'hideActiveTs': 0, 'accentColor': '', 'backgroundColor': ''}}",1,0,0,0,,0,0,0,0,0,,,0.872,0.0,0.128,Neutral
c_162816647548032447,2,{'@ryesig2': '10706344'},c_162816510657686506,http://9gag.com/gag/a5EAv9O#cs_comment_id=c_162816647548032447,@ryesig2,Y2lkPWNfMTYyODE2NTEwNjU3Njg2NTA2JmFpZD0xMDcwNjM0NA,,userMedia,0,@ryesig2,"{'userId': 'u_13793290133659', 'avatarUrl': 'https://accounts-cdn.9gag.com/media/avatar/1989958_100_1.jpg', 'displayName': 'apollo_toaster', 'emojiStatus': 'üá™üá∫', 'country': 'nl', 'profileUrl': 'https://9gag.com/u/apollo_toaster', 'profileUrls': {'a_dd8f2b7d304a10edaf6f29517ea0ca4100a43d1b': 'https://9gag.com/u/apollo_toaster'}, 'timestamp': '1379329013', 'permissions': {'9GAG_Pro': 1, '9GAG_Pro_Plus': 1}, 'isActivePro': True, 'isActiveProPlus': True, 'isVerifiedAccount': False, 'accountId': '1989958', 'activeTs': 1675203926, 'preferences': {'hideProBadge': 0, 'hideActiveTs': 0, 'accentColor': '', 'backgroundColor': ''}}",1,0,0,0,,0,0,0,0,0,"[{'imageMetaByType': {'type': 'STATIC', 'image': {'width': 700, 'height': 467, 'url': 'https://img-comment-fun.9cache.com/media/aQAoWd/aexzdrPq_700w_0.jpg', 'webpUrl': 'https://img-comment-fun.9cache.com/media/aQAoWd/aexzdrPq_700wp_0.webp'}, 'imageXLarge': {'width': 800, 'height': 534, 'url': 'https://img-comment-fun.9cache.com/media/aQAoWd/aexzdrPq_xlarge_d9938bca03.jpg'}}, 'sourceMeta': {'accountKey': 'aQAoWd', 'key': 'aexzdrPq', 'type': 'jpg', 'class': 'STATIC', 'size': 68538, 'width': 800, 'height': 534, 'hash': 'f3f5eb371da99fad76fb4ad52541e353'}, 'hash': '8cfbb9b43a872a7d356ffb5ee3bc1605'}]","[{'type': 'userMedia', 'data': {'type': 'STATIC', 'image': {'width': 700, 'height': 467, 'url': 'https://img-comment-fun.9cache.com/media/aQAoWd/aexzdrPq_700w_0.jpg', 'webpUrl': 'https://img-comment-fun.9cache.com/media/aQAoWd/aexzdrPq_700wp_0.webp'}, 'imageXLarge': {'width': 800, 'height': 534, 'url': 'https://img-comment-fun.9cache.com/media/aQAoWd/aexzdrPq_xlarge_d9938bca03.jpg'}}}]",1.0,0.0,0.0,Neutral
c_162816819437701557,2,{'@ryesig2': '10706344'},c_162816510657686506,http://9gag.com/gag/a5EAv9O#cs_comment_id=c_162816819437701557,@ryesig2 I want one.,Y2lkPWNfMTYyODE2NTEwNjU3Njg2NTA2JmFpZD0xMDcwNjM0NA,,text,0,@ryesig2 I want one.,"{'userId': 'u_161625398886797564', 'avatarUrl': 'https://accounts-cdn.9gag.com/media/avatar/59984156_100_4.jpg', 'displayName': 'systemax1', 'emojiStatus': 'üá∫üá∏', 'country': 'us', 'profileUrl': 'https://9gag.com/u/systemax1', 'profileUrls': {'a_dd8f2b7d304a10edaf6f29517ea0ca4100a43d1b': 'https://9gag.com/u/systemax1'}, 'timestamp': '1616253988', 'permissions': {'9GAG_Pro': 1, '9GAG_Pro_Plus': 1}, 'isActivePro': True, 'isActiveProPlus': True, 'isVerifiedAccount': False, 'accountId': '59984156', 'activeTs': 1678282030, 'preferences': {'hideProBadge': 0, 'hideActiveTs': 0, 'accentColor': '', 'backgroundColor': ''}}",0,0,0,0,,0,0,0,0,0,,,0.606,0.394,0.0,Neutral
c_162815204689874632,2,{'@dolbaka': '45411358'},c_162815185256973514,http://9gag.com/gag/a5EAv9O#cs_comment_id=c_162815204689874632,@dolbaka you cared enough to respond,Y2lkPWNfMTYyODE1MTg1MjU2OTczNTE0JmFpZD00NTQxMTM1OA,,text,0,@dolbaka you cared enough to respond,"{'userId': 'u_13793290133659', 'avatarUrl': 'https://accounts-cdn.9gag.com/media/avatar/1989958_100_1.jpg', 'displayName': 'apollo_toaster', 'emojiStatus': 'üá™üá∫', 'country': 'nl', 'profileUrl': 'https://9gag.com/u/apollo_toaster', 'profileUrls': {'a_dd8f2b7d304a10edaf6f29517ea0ca4100a43d1b': 'https://9gag.com/u/apollo_toaster'}, 'timestamp': '1379329013', 'permissions': {'9GAG_Pro': 1, '9GAG_Pro_Plus': 1}, 'isActivePro': True, 'isActiveProPlus': True, 'isVerifiedAccount': False, 'accountId': '1989958', 'activeTs': 1675203926, 'preferences': {'hideProBadge': 0, 'hideActiveTs': 0, 'accentColor': '', 'backgroundColor': ''}}",3,1,0,0,,0,0,0,0,0,,,0.641,0.359,0.0,Neutral
c_162815300854767887,2,{'@dolbaka': '45411358'},c_162815185256973514,http://9gag.com/gag/a5EAv9O#cs_comment_id=c_162815300854767887,@dolbaka by responding and therefore make the algorithm think it's more popular??? making it show this post to more people and therefore exposing even more people to it??,Y2lkPWNfMTYyODE1MTg1MjU2OTczNTE0JmFpZD00NTQxMTM1OA,,text,0,@dolbaka by responding and therefore make the algorithm think it's more popular??? making it show this post to more people and therefore exposing even more people to it??,"{'userId': 'u_13793290133659', 'avatarUrl': 'https://accounts-cdn.9gag.com/media/avatar/1989958_100_1.jpg', 'displayName': 'apollo_toaster', 'emojiStatus': 'üá™üá∫', 'country': 'nl', 'profileUrl': 'https://9gag.com/u/apollo_toaster', 'profileUrls': {'a_dd8f2b7d304a10edaf6f29517ea0ca4100a43d1b': 'https://9gag.com/u/apollo_toaster'}, 'timestamp': '1379329013', 'permissions': {'9GAG_Pro': 1, '9GAG_Pro_Plus': 1}, 'isActivePro': True, 'isActiveProPlus': True, 'isVerifiedAccount': False, 'accountId': '1989958', 'activeTs': 1675203926, 'preferences': {'hideProBadge': 0, 'hideActiveTs': 0, 'accentColor': '', 'backgroundColor': ''}}",0,1,0,0,,0,0,0,0,0,,,0.809,0.126,0.065,Neutral
c_162827797615355102,2,{'@dyerlogan08': '60403216'},c_162821396196005163,http://9gag.com/gag/a5EAv9O#cs_comment_id=c_162827797615355102,@dyerlogan08 nope,Y2lkPWNfMTYyODIxMzk2MTk2MDA1MTYzJmFpZD02MDQwMzIxNg,,text,0,@dyerlogan08 nope,"{'userId': 'u_13793290133659', 'avatarUrl': 'https://accounts-cdn.9gag.com/media/avatar/1989958_100_1.jpg', 'displayName': 'apollo_toaster', 'emojiStatus': 'üá™üá∫', 'country': 'nl', 'profileUrl': 'https://9gag.com/u/apollo_toaster', 'profileUrls': {'a_dd8f2b7d304a10edaf6f29517ea0ca4100a43d1b': 'https://9gag.com/u/apollo_toaster'}, 'timestamp': '1379329013', 'permissions': {'9GAG_Pro': 1, '9GAG_Pro_Plus': 1}, 'isActivePro': True, 'isActiveProPlus': True, 'isVerifiedAccount': False, 'accountId': '1989958', 'activeTs': 1675203926, 'preferences': {'hideProBadge': 0, 'hideActiveTs': 0, 'accentColor': '', 'backgroundColor': ''}}",0,0,0,0,,0,0,0,0,0,,,1.0,0.0,0.0,Neutral
c_162827748959094940,2,{'@akh87123': '51663213'},c_162819126801224262,http://9gag.com/gag/a5EAv9O#cs_comment_id=c_162827748959094940,"@akh87123 Are you really complaining about ""TDS"" while crying about vaccines??",Y2lkPWNfMTYyODE5MTI2ODAxMjI0MjYyJmFpZD01MTY2MzIxMw,,text,0,"@akh87123 Are you really complaining about ""TDS"" while crying about vaccines??","{'userId': 'u_13793290133659', 'avatarUrl': 'https://accounts-cdn.9gag.com/media/avatar/1989958_100_1.jpg', 'displayName': 'apollo_toaster', 'emojiStatus': 'üá™üá∫', 'country': 'nl', 'profileUrl': 'https://9gag.com/u/apollo_toaster', 'profileUrls': {'a_dd8f2b7d304a10edaf6f29517ea0ca4100a43d1b': 'https://9gag.com/u/apollo_toaster'}, 'timestamp': '1379329013', 'permissions': {'9GAG_Pro': 1, '9GAG_Pro_Plus': 1}, 'isActivePro': True, 'isActiveProPlus': True, 'isVerifiedAccount': False, 'accountId': '1989958', 'activeTs': 1675203926, 'preferences': {'hideProBadge': 0, 'hideActiveTs': 0, 'accentColor': '', 'backgroundColor': ''}}",0,0,0,0,,0,0,0,0,0,,,0.618,0.0,0.382,Neutral
c_162827751956771165,2,{'@akh87123': '51663213'},c_162819126801224262,http://9gag.com/gag/a5EAv9O#cs_comment_id=c_162827751956771165,@akh87123 nobody is going to force you to use the vaccine,Y2lkPWNfMTYyODE5MTI2ODAxMjI0MjYyJmFpZD01MTY2MzIxMw,,text,0,@akh87123 nobody is going to force you to use the vaccine,"{'userId': 'u_13793290133659', 'avatarUrl': 'https://accounts-cdn.9gag.com/media/avatar/1989958_100_1.jpg', 'displayName': 'apollo_toaster', 'emojiStatus': 'üá™üá∫', 'country': 'nl', 'profileUrl': 'https://9gag.com/u/apollo_toaster', 'profileUrls': {'a_dd8f2b7d304a10edaf6f29517ea0ca4100a43d1b': 'https://9gag.com/u/apollo_toaster'}, 'timestamp': '1379329013', 'permissions': {'9GAG_Pro': 1, '9GAG_Pro_Plus': 1}, 'isActivePro': True, 'isActiveProPlus': True, 'isVerifiedAccount': False, 'accountId': '1989958', 'activeTs': 1675203926, 'preferences': {'hideProBadge': 0, 'hideActiveTs': 0, 'accentColor': '', 'backgroundColor': ''}}",0,0,0,0,,0,0,0,0,0,,,1.0,0.0,0.0,Neutral
c_162830259546536315,2,{'@appollo86': '1989958'},c_162819126801224262,http://9gag.com/gag/a5EAv9O#cs_comment_id=c_162830259546536315,@appollo86 https://youtu.be/vFJ3ikV-y3M watch this and tell me they're not forcing a vaccine.,Y2lkPWNfMTYyODE5MTI2ODAxMjI0MjYyJmFpZD01MTY2MzIxMw,,text,0,@appollo86 https://youtu.be/vFJ3ikV-y3M watch this and tell me they're not forcing a vaccine.,"{'userId': 'u_155560911846607121', 'avatarUrl': 'https://accounts-cdn.9gag.com/media/avatar/51663213_100_1.jpg', 'displayName': 'akh87123', 'emojiStatus': '', 'country': 'us', 'profileUrl': 'https://9gag.com/u/akh87123', 'profileUrls': {'a_dd8f2b7d304a10edaf6f29517ea0ca4100a43d1b': 'https://9gag.com/u/akh87123'}, 'timestamp': '1555609118', 'permissions': {}, 'isActivePro': False, 'isActiveProPlus': False, 'isVerifiedAccount': False, 'accountId': '51663213', 'activeTs': 1640983683, 'preferences': {'hideProBadge': 0, 'hideActiveTs': 0, 'accentColor': '', 'backgroundColor': ''}}",0,0,0,0,,0,0,0,0,0,,,1.0,0.0,0.0,Neutral
c_162830581895895057,2,{'@akh87123': '51663213'},c_162819126801224262,http://9gag.com/gag/a5EAv9O#cs_comment_id=c_162830581895895057,"@akh87123 watched it, they are not forcing you to take the vaccine. You're just not allowed to endanger others??",Y2lkPWNfMTYyODE5MTI2ODAxMjI0MjYyJmFpZD01MTY2MzIxMw,,text,0,"@akh87123 watched it, they are not forcing you to take the vaccine. You're just not allowed to endanger others??","{'userId': 'u_13793290133659', 'avatarUrl': 'https://accounts-cdn.9gag.com/media/avatar/1989958_100_1.jpg', 'displayName': 'apollo_toaster', 'emojiStatus': 'üá™üá∫', 'country': 'nl', 'profileUrl': 'https://9gag.com/u/apollo_toaster', 'profileUrls': {'a_dd8f2b7d304a10edaf6f29517ea0ca4100a43d1b': 'https://9gag.com/u/apollo_toaster'}, 'timestamp': '1379329013', 'permissions': {'9GAG_Pro': 1, '9GAG_Pro_Plus': 1}, 'isActivePro': True, 'isActiveProPlus': True, 'isVerifiedAccount': False, 'accountId': '1989958', 'activeTs': 1675203926, 'preferences': {'hideProBadge': 0, 'hideActiveTs': 0, 'accentColor': '', 'backgroundColor': ''}}",0,0,0,0,,0,0,0,0,0,,,1.0,0.0,0.0,Neutral
c_162824886229145439,2,{'@gyshalom': '60662373'},c_162816723143723068,http://9gag.com/gag/a5EAv9O#cs_comment_id=c_162824886229145439,"@gyshalom nope, it's verified 100% true",Y2lkPWNfMTYyODE2NzIzMTQzNzIzMDY4JmFpZD02MDY2MjM3Mw,,text,0,"@gyshalom nope, it's verified 100% true","{'userId': 'u_13793290133659', 'avatarUrl': 'https://accounts-cdn.9gag.com/media/avatar/1989958_100_1.jpg', 'displayName': 'apollo_toaster', 'emojiStatus': 'üá™üá∫', 'country': 'nl', 'profileUrl': 'https://9gag.com/u/apollo_toaster', 'profileUrls': {'a_dd8f2b7d304a10edaf6f29517ea0ca4100a43d1b': 'https://9gag.com/u/apollo_toaster'}, 'timestamp': '1379329013', 'permissions': {'9GAG_Pro': 1, '9GAG_Pro_Plus': 1}, 'isActivePro': True, 'isActiveProPlus': True, 'isVerifiedAccount': False, 'accountId': '1989958', 'activeTs': 1675203926, 'preferences': {'hideProBadge': 0, 'hideActiveTs': 0, 'accentColor': '', 'backgroundColor': ''}}",0,1,0,0,,0,0,0,0,0,,,0.641,0.359,0.0,Neutral
c_162819782214618659,2,{'@pdtokyo': '60756600'},c_162815058029875473,http://9gag.com/gag/a5EAv9O#cs_comment_id=c_162819782214618659,"@pdtokyo surely not. It‚Äôs like a Nigerian prince scam, with spelling mistakes like ‚Äúoffical‚Äù appealing to the dumbest of the lot",Y2lkPWNfMTYyODE1MDU4MDI5ODc1NDczJmFpZD02MDc1NjYwMA,,text,0,"@pdtokyo surely not. It‚Äôs like a Nigerian prince scam, with spelling mistakes like ‚Äúoffical‚Äù appealing to the dumbest of the lot","{'userId': 'u_154284951771515983', 'avatarUrl': 'https://accounts-cdn.9gag.com/media/avatar/50441299_100_1.jpg', 'displayName': 'darknite', 'emojiStatus': '', 'country': 'us', 'profileUrl': 'https://9gag.com/u/darknite', 'profileUrls': {'a_dd8f2b7d304a10edaf6f29517ea0ca4100a43d1b': 'https://9gag.com/u/darknite'}, 'timestamp': '1542849517', 'permissions': {}, 'isActivePro': False, 'isActiveProPlus': False, 'isVerifiedAccount': False, 'accountId': '50441299', 'activeTs': 1678047472, 'preferences': {'hideProBadge': 0, 'hideActiveTs': 0, 'accentColor': '', 'backgroundColor': ''}}",0,0,0,0,,0,0,0,0,0,,,0.457,0.095,0.448,Neutral
